id,first_name,last_name,email,gender,ip_address
1,Tracee,Matuszyk,tmatuszyk0@blogspot.com,Genderfluid,61.110.108.209
2,Ailene,Spurret,aspurret1@cornell.edu,Non-binary,34.27.226.15
3,Carlynn,Yancey,cyancey2@addthis.com,Bigender,160.69.175.194
4,Kylie,Colbron,kcolbron3@1und1.de,Genderqueer,92.205.102.246
5,Mona,Doveston,mdoveston4@weebly.com,Non-binary,159.27.241.125
6,Claiborn,Iacopetti,ciacopetti5@smugmug.com,Agender,41.39.156.255
7,Lotta,Jaumet,ljaumet6@umn.edu,Non-binary,212.205.147.90
8,Kelby,Milne,kmilne7@alibaba.com,Polygender,15.204.90.156
9,Debora,Barajas,dbarajas8@de.vu,Non-binary,69.158.174.118
10,Jeannette,Maffezzoli,jmaffezzoli9@usda.gov,Agender,219.81.98.9
11,Lavena,Goulding,lgouldinga@sina.com.cn,Bigender,126.102.252.190
12,Alexia,Heintze,aheintzeb@techcrunch.com,Male,75.159.26.194
13,Xaviera,Frostdicke,xfrostdickec@deviantart.com,Female,10.89.228.139
14,Bordy,Connold,bconnoldd@wp.com,Polygender,113.143.248.40
15,Devora,Conen,dconene@ebay.com,Agender,9.134.252.54
16,Faustina,Roberti,frobertif@marriott.com,Male,120.56.62.165
17,Linn,Vlasyuk,lvlasyukg@prweb.com,Genderfluid,80.24.176.200
18,Brianne,Cundy,bcundyh@nytimes.com,Non-binary,118.215.12.32
19,Charline,Cowderay,ccowderayi@google.com.hk,Genderfluid,155.183.85.170
20,Crichton,Grigsby,cgrigsbyj@vistaprint.com,Genderfluid,141.50.138.244
21,Nikki,Morrall,nmorrallk@npr.org,Agender,177.103.129.94
22,Maryjo,Shrubb,mshrubbl@drupal.org,Bigender,180.56.172.49
23,Sheffield,Hurtic,shurticm@altervista.org,Non-binary,220.162.115.186
24,Obidiah,Dearn,odearnn@skyrock.com,Bigender,238.232.231.110
25,Florette,Baynard,fbaynardo@cnn.com,Non-binary,185.198.182.236
26,Nicki,Enevoldsen,nenevoldsenp@themeforest.net,Non-binary,180.102.71.93
27,Adam,Ungerer,aungererq@blogspot.com,Male,196.231.242.48
28,Carley,Fuidge,cfuidger@newyorker.com,Non-binary,178.116.50.182
29,Luigi,Santen,lsantens@devhub.com,Polygender,61.62.234.78
30,Dolley,Prandoni,dprandonit@slideshare.net,Non-binary,127.136.244.235
31,Jereme,Starsmeare,jstarsmeareu@smugmug.com,Polygender,254.128.130.150
32,Fedora,Coughtrey,fcoughtreyv@vimeo.com,Non-binary,46.140.55.90
33,Ashby,Longmire,alongmirew@narod.ru,Female,162.199.210.247
34,Marlow,Bemment,mbemmentx@privacy.gov.au,Genderqueer,183.37.103.67
35,Buckie,Selly,bsellyy@princeton.edu,Genderqueer,25.125.175.11
36,Ogdon,Pomphrey,opomphreyz@bigcartel.com,Bigender,245.63.179.246
37,Rinaldo,Collington,rcollington10@goodreads.com,Agender,47.194.51.16
38,Darryl,Petrolli,dpetrolli11@bigcartel.com,Genderqueer,77.226.59.115
39,Miranda,Marchelli,mmarchelli12@google.ru,Genderfluid,132.220.182.119
40,Luke,Tuckley,ltuckley13@ow.ly,Genderqueer,139.37.53.79
41,Malorie,Cressy,mcressy14@google.ca,Agender,8.254.42.123
42,Cheryl,Seeney,cseeney15@aboutads.info,Male,148.130.207.208
43,Kayley,Lerego,klerego16@google.ca,Non-binary,135.93.132.8
44,Georges,Pauncefort,gpauncefort17@cnn.com,Genderfluid,167.30.154.133
45,Brigida,Spittle,bspittle18@harvard.edu,Genderqueer,43.144.90.209
46,Arnold,Shrimpton,ashrimpton19@ezinearticles.com,Genderfluid,197.132.47.4
47,Mario,Tournay,mtournay1a@weebly.com,Polygender,225.229.137.65
48,Katharyn,Gailor,kgailor1b@macromedia.com,Agender,167.158.24.52
49,Titus,Gunn,tgunn1c@blinklist.com,Agender,244.111.140.47
50,Kennith,Yitzhakov,kyitzhakov1d@4shared.com,Male,151.213.226.175
51,Chance,Glander,cglander1e@alibaba.com,Male,247.45.133.15
52,Blondell,Corrington,bcorrington1f@imageshack.us,Bigender,232.12.94.24
53,Vidovic,Scargle,vscargle1g@qq.com,Bigender,88.30.150.116
54,Aila,Rieflin,arieflin1h@cargocollective.com,Non-binary,61.152.253.190
55,Lizzy,Aiton,laiton1i@nhs.uk,Bigender,179.241.30.42
56,Rycca,Botha,rbotha1j@apache.org,Male,48.198.208.63
57,Shayna,Szubert,sszubert1k@rambler.ru,Female,122.223.48.226
58,Johnath,Sellars,jsellars1l@posterous.com,Male,200.110.43.157
59,Gerrilee,Fishbie,gfishbie1m@bloomberg.com,Agender,22.130.100.171
60,Edy,Gadie,egadie1n@un.org,Male,69.61.178.14
61,Brandea,McGonigle,bmcgonigle1o@istockphoto.com,Non-binary,234.191.251.234
62,Teresa,Galier,tgalier1p@jigsy.com,Agender,43.99.36.101
63,Rochell,Caulwell,rcaulwell1q@yolasite.com,Non-binary,157.35.221.164
64,Norton,Leeman,nleeman1r@cmu.edu,Bigender,199.48.89.140
65,Yankee,Davie,ydavie1s@pcworld.com,Agender,183.176.50.190
66,Gonzales,Millins,gmillins1t@newyorker.com,Polygender,107.135.170.148
67,Darrel,Dawe,ddawe1u@irs.gov,Agender,123.216.204.61
68,Lianne,Ales,lales1v@youtube.com,Bigender,119.104.22.255
69,Donall,Brinklow,dbrinklow1w@icio.us,Genderqueer,47.198.67.189
70,Britney,Hoyt,bhoyt1x@canalblog.com,Male,137.236.65.46
71,Leelah,Islep,lislep1y@miitbeian.gov.cn,Agender,73.2.164.148
72,Kanya,Caldes,kcaldes1z@disqus.com,Genderqueer,196.13.142.82
73,Marijo,Juza,mjuza20@godaddy.com,Male,83.110.86.116
74,Gunilla,Postians,gpostians21@jugem.jp,Genderfluid,245.92.38.144
75,Wye,Ashbrook,washbrook22@google.nl,Polygender,99.254.201.15
76,Fernanda,Collinwood,fcollinwood23@ycombinator.com,Genderqueer,251.149.70.23
77,Evered,Ingerfield,eingerfield24@techcrunch.com,Female,18.42.173.226
78,Lacy,Mallord,lmallord25@yale.edu,Female,122.198.15.189
79,Annette,Pawle,apawle26@woothemes.com,Bigender,69.96.23.14
80,Tybalt,Zuenelli,tzuenelli27@gnu.org,Non-binary,156.23.53.253
81,Kellen,Catterell,kcatterell28@ebay.com,Bigender,97.60.17.9
82,Bartholomeo,Adam,badam29@washington.edu,Genderqueer,234.51.231.199
83,Serene,Wynes,swynes2a@desdev.cn,Male,138.103.181.40
84,Guido,Kilbey,gkilbey2b@discovery.com,Female,62.37.37.165
85,Abraham,Maud,amaud2c@goo.gl,Genderqueer,8.19.175.234
86,Fifine,Cawkill,fcawkill2d@ebay.com,Male,76.128.35.73
87,Kira,Townby,ktownby2e@uiuc.edu,Female,60.67.140.50
88,Wenda,Chesterton,wchesterton2f@bing.com,Genderfluid,29.174.110.21
89,Rebeka,Scoble,rscoble2g@independent.co.uk,Non-binary,13.164.30.77
90,Floria,Coo,fcoo2h@prlog.org,Male,31.65.169.153
91,Dyann,Fallowes,dfallowes2i@java.com,Non-binary,65.64.234.10
92,Carrie,Vasilyevski,cvasilyevski2j@ameblo.jp,Bigender,136.43.232.122
93,Cordie,Witherdon,cwitherdon2k@economist.com,Polygender,229.141.161.217
94,Sissy,Hurleston,shurleston2l@posterous.com,Genderfluid,246.74.191.217
95,Bale,Yanshonok,byanshonok2m@mashable.com,Agender,126.54.98.36
96,Ring,Dibb,rdibb2n@yellowbook.com,Agender,19.127.169.208
97,Lock,Wippermann,lwippermann2o@behance.net,Polygender,211.61.226.192
98,Arthur,Thorns,athorns2p@yandex.ru,Male,62.98.188.116
99,Ray,Youd,ryoud2q@bluehost.com,Non-binary,226.136.123.113
100,Lars,Mitrikhin,lmitrikhin2r@tinyurl.com,Polygender,248.236.151.252
101,Mellie,Medland,mmedland2s@google.co.uk,Polygender,246.250.212.142
102,Pattie,Overpool,poverpool2t@businessinsider.com,Female,99.9.67.202
103,Laird,Scown,lscown2u@nyu.edu,Agender,178.52.67.103
104,Gilligan,Addyman,gaddyman2v@answers.com,Male,140.132.22.231
105,Clarey,Routhorn,crouthorn2w@ucsd.edu,Non-binary,252.85.208.87
106,Weider,Capin,wcapin2x@theguardian.com,Bigender,90.66.113.30
107,Dicky,Evamy,devamy2y@mit.edu,Male,16.142.214.114
108,Wilt,Quinnell,wquinnell2z@columbia.edu,Non-binary,226.21.85.60
109,Elfrida,Giacopelo,egiacopelo30@indiatimes.com,Non-binary,112.42.134.71
110,Aubrette,Derx,aderx31@51.la,Agender,100.182.217.50
111,Marsh,Skeene,mskeene32@google.fr,Polygender,156.159.102.181
112,Alwin,Muzzollo,amuzzollo33@uol.com.br,Bigender,57.86.159.215
113,Lucho,Whitebrook,lwhitebrook34@uiuc.edu,Female,181.204.124.189
114,Atalanta,Grigorian,agrigorian35@imgur.com,Female,247.236.126.193
115,Amelita,Vescovini,avescovini36@spotify.com,Male,55.171.65.191
116,Pauly,Pepon,ppepon37@ucoz.ru,Bigender,249.224.41.111
117,Jessie,Creenan,jcreenan38@princeton.edu,Non-binary,160.231.79.158
118,Fey,Woollett,fwoollett39@mtv.com,Male,93.111.181.66
119,Drew,Gawthorpe,dgawthorpe3a@macromedia.com,Genderqueer,170.52.139.105
120,Oberon,Potapczuk,opotapczuk3b@nature.com,Polygender,16.181.174.68
121,Dniren,Caulkett,dcaulkett3c@bing.com,Polygender,9.126.13.239
122,Hamlin,Havock,hhavock3d@spiegel.de,Female,123.142.121.137
123,Harrie,Sanday,hsanday3e@marriott.com,Non-binary,137.117.3.127
124,Robyn,Padgett,rpadgett3f@amazon.com,Polygender,44.195.59.3
125,Arlen,Januszewicz,ajanuszewicz3g@flickr.com,Female,150.50.246.247
126,Stephenie,Terron,sterron3h@tmall.com,Bigender,181.202.196.86
127,Zulema,Coventon,zcoventon3i@fastcompany.com,Bigender,57.141.142.56
128,Urban,Winsom,uwinsom3j@businessinsider.com,Genderfluid,233.119.100.171
129,Neron,Dobbson,ndobbson3k@vk.com,Agender,217.82.149.204
130,Dorisa,Havesides,dhavesides3l@twitpic.com,Bigender,202.43.168.179
131,Carlita,Senter,csenter3m@cnbc.com,Non-binary,203.131.226.104
132,Brigitte,Bispham,bbispham3n@xinhuanet.com,Genderqueer,127.77.75.171
133,Rutger,Maginn,rmaginn3o@t.co,Polygender,249.141.46.62
134,Lee,Macguire,lmacguire3p@un.org,Genderfluid,205.52.70.116
135,Herman,Ashford,hashford3q@sciencedirect.com,Agender,197.133.120.182
136,Pansy,Rubberts,prubberts3r@slideshare.net,Non-binary,89.117.184.201
137,Juliana,Eason,jeason3s@fda.gov,Female,53.140.85.128
138,Nananne,McCrackem,nmccrackem3t@patch.com,Bigender,36.30.81.95
139,Robbie,Biddiss,rbiddiss3u@apache.org,Non-binary,38.213.13.244
140,Oralia,Middlemist,omiddlemist3v@slate.com,Non-binary,171.114.17.243
141,Julie,Vain,jvain3w@moonfruit.com,Genderqueer,152.116.152.1
142,Cathyleen,Challes,cchalles3x@mail.ru,Bigender,159.37.13.135
143,Rosalia,Guerry,rguerry3y@hostgator.com,Bigender,17.246.104.41
144,Dicky,Irce,dirce3z@abc.net.au,Agender,235.57.31.248
145,Gates,Stuckley,gstuckley40@yellowpages.com,Female,116.136.25.183
146,Bel,Willavoys,bwillavoys41@deviantart.com,Bigender,222.226.216.106
147,Anny,Kitto,akitto42@example.com,Genderqueer,31.99.87.101
148,Tate,Ranner,tranner43@webeden.co.uk,Non-binary,42.199.210.169
149,Amelia,Scowen,ascowen44@bizjournals.com,Non-binary,226.108.219.55
150,Glen,Bordiss,gbordiss45@vimeo.com,Male,116.116.12.161
151,Eilis,Mewha,emewha46@multiply.com,Genderqueer,0.11.240.66
152,Letta,Colliford,lcolliford47@hud.gov,Bigender,237.111.190.105
153,Collin,Cockshoot,ccockshoot48@netscape.com,Polygender,36.90.253.252
154,Sherlocke,Ringe,sringe49@aol.com,Genderfluid,180.16.225.200
155,Sherry,Muckley,smuckley4a@squidoo.com,Non-binary,11.186.99.115
156,Denney,Poolman,dpoolman4b@wix.com,Polygender,248.252.137.46
157,Filberte,Dunnett,fdunnett4c@twitter.com,Agender,72.158.44.248
158,Hazel,Grocott,hgrocott4d@usgs.gov,Non-binary,111.9.246.41
159,Cirstoforo,Thaxton,cthaxton4e@opera.com,Genderfluid,187.148.152.135
160,Colet,Hane,chane4f@bing.com,Agender,211.196.218.251
161,Michaelina,Rauprich,mrauprich4g@theguardian.com,Polygender,189.176.240.66
162,Lethia,Gommery,lgommery4h@sohu.com,Non-binary,186.197.42.107
163,Mae,Janczewski,mjanczewski4i@naver.com,Agender,255.6.250.132
164,Laird,Suttle,lsuttle4j@godaddy.com,Genderqueer,174.229.154.10
165,Dee,Hartright,dhartright4k@w3.org,Non-binary,182.138.237.93
166,Kelley,Dagnan,kdagnan4l@merriam-webster.com,Polygender,92.121.93.92
167,Vasily,Beincken,vbeincken4m@ameblo.jp,Non-binary,95.247.201.8
168,Malory,Worboy,mworboy4n@patch.com,Agender,128.235.193.13
169,Townsend,McKinna,tmckinna4o@washingtonpost.com,Male,32.39.133.217
170,Robyn,D'Oyly,rdoyly4p@behance.net,Genderqueer,114.203.79.69
171,Quintin,Mattheis,qmattheis4q@unc.edu,Genderfluid,170.8.220.208
172,Glenden,McKelloch,gmckelloch4r@google.cn,Agender,157.167.53.195
173,Rossy,Doring,rdoring4s@bluehost.com,Male,19.234.81.111
174,Oberon,Banfield,obanfield4t@boston.com,Polygender,249.125.130.11
175,Felic,Lamzed,flamzed4u@ow.ly,Non-binary,150.13.191.70
176,Perl,Ringwood,pringwood4v@wikispaces.com,Male,39.71.129.126
177,Larissa,Galier,lgalier4w@cyberchimps.com,Female,91.243.67.212
178,Alice,Staunton,astaunton4x@pinterest.com,Male,83.63.84.40
179,Terry,Giacobini,tgiacobini4y@domainmarket.com,Female,149.136.19.231
180,Kimble,Riccelli,kriccelli4z@sun.com,Agender,237.215.74.226
181,Jaine,Dewan,jdewan50@bbb.org,Genderqueer,153.147.89.197
182,Amandi,Andrich,aandrich51@elpais.com,Polygender,222.138.78.36
183,Robin,Bowfin,rbowfin52@who.int,Agender,231.127.36.36
184,Lezlie,O' Gara,logara53@wired.com,Agender,77.73.62.117
185,Dore,Hexham,dhexham54@mlb.com,Genderqueer,156.210.19.133
186,Glad,Giacovazzo,ggiacovazzo55@nydailynews.com,Bigender,156.67.149.11
187,Joyous,Peedell,jpeedell56@cpanel.net,Genderfluid,191.202.134.117
188,Rodolphe,Burree,rburree57@ask.com,Polygender,191.152.130.74
189,Gaylor,Zannuto,gzannuto58@newyorker.com,Bigender,220.104.18.65
190,Dewey,Gobel,dgobel59@purevolume.com,Bigender,1.223.90.76
191,Anderea,Woolland,awoolland5a@thetimes.co.uk,Genderfluid,39.194.236.96
192,Bone,Brigman,bbrigman5b@stanford.edu,Agender,71.42.235.129
193,Anneliese,Allden,aallden5c@cmu.edu,Non-binary,62.20.117.230
194,Jordan,Karlik,jkarlik5d@xrea.com,Genderqueer,13.8.255.120
195,Eliot,Poulton,epoulton5e@miibeian.gov.cn,Bigender,140.69.212.72
196,Alfonse,Halwill,ahalwill5f@google.cn,Genderfluid,222.202.13.63
197,Si,Sills,ssills5g@economist.com,Male,22.175.34.145
198,Jamaal,Zanussii,jzanussii5h@cbc.ca,Non-binary,155.108.126.81
199,Nicholle,Hegden,nhegden5i@answers.com,Female,178.23.185.118
200,Titos,Gove,tgove5j@instagram.com,Genderfluid,203.193.72.174
201,Mabel,Gonsalo,mgonsalo5k@usatoday.com,Female,69.103.246.252
202,Marisa,Walasik,mwalasik5l@nydailynews.com,Male,165.100.133.59
203,Iseabal,Bousfield,ibousfield5m@tripod.com,Agender,29.213.126.202
204,Olly,Leinster,oleinster5n@cargocollective.com,Agender,89.146.247.59
205,Cazzie,Wilkie,cwilkie5o@cdbaby.com,Genderfluid,137.68.227.5
206,Thurston,Purdon,tpurdon5p@merriam-webster.com,Female,84.128.115.194
207,Alphonse,Cheson,acheson5q@aol.com,Bigender,159.16.199.149
208,Dorrie,Chessel,dchessel5r@webmd.com,Male,60.147.51.65
209,Franciska,Petrasso,fpetrasso5s@google.com,Bigender,135.58.93.63
210,Ailey,Jauncey,ajauncey5t@yelp.com,Genderqueer,229.217.183.247
211,Maxy,Guislin,mguislin5u@themeforest.net,Bigender,239.125.137.6
212,Teodoro,Yakob,tyakob5v@wisc.edu,Genderfluid,156.158.120.163
213,Florina,Benezeit,fbenezeit5w@angelfire.com,Female,14.7.89.80
214,Stanislaw,Lipman,slipman5x@nhs.uk,Polygender,126.151.149.80
215,Perle,Ganter,pganter5y@godaddy.com,Male,34.60.16.197
216,Cam,Poundsford,cpoundsford5z@jigsy.com,Bigender,90.223.193.155
217,Abbot,Challicum,achallicum60@miibeian.gov.cn,Non-binary,59.22.187.225
218,Ned,Lambell,nlambell61@bloglovin.com,Female,114.84.183.119
219,Robb,Berry,rberry62@live.com,Genderfluid,47.125.99.26
220,Stefano,Louthe,slouthe63@technorati.com,Bigender,138.58.178.50
221,Maegan,Dederich,mdederich64@cnet.com,Agender,159.129.85.190
222,Brig,Beauly,bbeauly65@eepurl.com,Genderqueer,115.180.148.93
223,Giacomo,MacParlan,gmacparlan66@blogspot.com,Non-binary,46.69.161.108
224,Loella,McClinton,lmcclinton67@simplemachines.org,Female,83.44.197.72
225,Urson,Gettins,ugettins68@miitbeian.gov.cn,Non-binary,243.133.80.213
226,Bondy,Sibbet,bsibbet69@un.org,Polygender,163.60.180.192
227,Kittie,Pennone,kpennone6a@twitter.com,Female,95.129.55.14
228,Janette,Prendeville,jprendeville6b@msu.edu,Non-binary,213.234.9.140
229,Cyb,Rafe,crafe6c@de.vu,Polygender,128.121.103.43
230,Shannon,Grenshields,sgrenshields6d@infoseek.co.jp,Polygender,140.15.174.126
231,Verene,Forre,vforre6e@dion.ne.jp,Agender,33.137.20.12
232,Amandi,Veck,aveck6f@liveinternet.ru,Male,160.184.57.165
233,Flin,McDavitt,fmcdavitt6g@theglobeandmail.com,Agender,116.115.169.234
234,Ellissa,Mayze,emayze6h@csmonitor.com,Agender,54.216.183.227
235,Gilly,Mulberry,gmulberry6i@nyu.edu,Male,197.37.144.142
236,Elset,Rubel,erubel6j@booking.com,Genderfluid,128.97.169.108
237,Fran,Dalliwater,fdalliwater6k@constantcontact.com,Agender,154.204.24.190
238,Odele,Frodsam,ofrodsam6l@eepurl.com,Genderfluid,255.179.140.72
239,Damiano,Bufton,dbufton6m@github.com,Genderqueer,248.28.10.95
240,Collin,Moakson,cmoakson6n@dailymail.co.uk,Agender,173.155.102.199
241,Alvy,Golbourn,agolbourn6o@nytimes.com,Genderqueer,242.150.51.191
242,Johannes,Bangiard,jbangiard6p@homestead.com,Agender,170.200.254.174
243,Sarena,Huncoot,shuncoot6q@un.org,Genderfluid,143.180.100.247
244,Verne,Skehens,vskehens6r@washington.edu,Female,19.10.201.213
245,Jordan,Rikard,jrikard6s@storify.com,Polygender,128.146.230.127
246,Artemas,Neill,aneill6t@samsung.com,Polygender,145.162.121.195
247,Valerie,Mc Kellen,vmckellen6u@vinaora.com,Agender,160.13.113.173
248,Jess,Tunnah,jtunnah6v@squidoo.com,Polygender,58.208.251.251
249,Sonnnie,Boschmann,sboschmann6w@artisteer.com,Polygender,123.16.91.174
250,Brade,Moyers,bmoyers6x@huffingtonpost.com,Non-binary,50.22.234.49
251,Christiane,Gisborne,cgisborne6y@yolasite.com,Male,231.179.101.146
252,Noe,Costi,ncosti6z@yellowpages.com,Bigender,161.99.4.134
253,Oralie,Stienham,ostienham70@com.com,Genderqueer,233.80.250.124
254,Darb,McAlinden,dmcalinden71@mozilla.com,Genderfluid,156.201.76.251
255,Shelagh,Scruton,sscruton72@bbb.org,Bigender,143.119.148.229
256,Shandie,Topliss,stopliss73@springer.com,Bigender,16.125.148.223
257,Paola,Jost,pjost74@ihg.com,Male,137.135.212.216
258,Elfrieda,Orwell,eorwell75@phoca.cz,Female,33.197.92.182
259,Hobie,Holstein,hholstein76@jigsy.com,Genderfluid,36.86.122.54
260,Aprilette,Aysik,aaysik77@whitehouse.gov,Genderqueer,52.145.175.172
261,Rickard,Fahrenbach,rfahrenbach78@tuttocitta.it,Polygender,167.57.255.41
262,Sal,Pawson,spawson79@chron.com,Agender,235.232.245.60
263,Brynn,Jenks,bjenks7a@earthlink.net,Genderfluid,76.60.59.175
264,Jordan,Raffon,jraffon7b@oracle.com,Polygender,120.133.15.94
265,Shelly,Imeson,simeson7c@4shared.com,Female,242.137.186.41
266,Nonie,Stallion,nstallion7d@cyberchimps.com,Genderfluid,162.186.124.23
267,Trina,Hylands,thylands7e@tamu.edu,Genderfluid,161.133.34.41
268,Kleon,Kier,kkier7f@spiegel.de,Non-binary,71.215.138.205
269,Arlena,Bowbrick,abowbrick7g@homestead.com,Bigender,204.209.142.18
270,Egor,Aiston,eaiston7h@wikimedia.org,Genderqueer,197.63.10.58
271,Bernard,Chagg,bchagg7i@w3.org,Non-binary,47.16.255.126
272,Trent,Van Der Weedenburg,tvanderweedenburg7j@odnoklassniki.ru,Bigender,54.167.127.32
273,Ephrayim,Daws,edaws7k@imgur.com,Genderfluid,2.1.92.83
274,Ardella,Raoul,araoul7l@ftc.gov,Polygender,213.3.163.162
275,Grantham,Shaul,gshaul7m@edublogs.org,Bigender,160.243.161.217
276,Teresina,Coleiro,tcoleiro7n@liveinternet.ru,Male,114.101.248.90
277,El,Duck,educk7o@ifeng.com,Genderfluid,24.161.203.114
278,Jess,Haspineall,jhaspineall7p@bluehost.com,Female,12.248.3.60
279,Ira,Bursnall,ibursnall7q@theguardian.com,Non-binary,165.83.223.228
280,Brigida,Leacy,bleacy7r@friendfeed.com,Polygender,66.249.247.95
281,Lyman,Savins,lsavins7s@tinypic.com,Agender,9.12.129.204
282,Bridie,Banger,bbanger7t@sbwire.com,Polygender,160.220.109.48
283,Korie,Townby,ktownby7u@nba.com,Non-binary,117.227.64.173
284,Crosby,Dwyer,cdwyer7v@pagesperso-orange.fr,Female,27.153.146.151
285,Steffen,Vidgen,svidgen7w@free.fr,Agender,52.188.12.214
286,Gennie,Dredge,gdredge7x@who.int,Genderfluid,189.21.173.74
287,Darby,Cacacie,dcacacie7y@dedecms.com,Non-binary,241.161.171.177
288,Skipp,Minkin,sminkin7z@deliciousdays.com,Female,201.176.207.0
289,Adria,Stopforth,astopforth80@ihg.com,Female,99.71.77.46
290,Darrell,Polotti,dpolotti81@yahoo.co.jp,Bigender,116.140.219.255
291,Horace,Grahlman,hgrahlman82@weather.com,Genderfluid,37.223.73.33
292,Elaina,Vowles,evowles83@cnet.com,Non-binary,235.109.160.195
293,Wesley,Cathery,wcathery84@oakley.com,Polygender,124.192.90.56
294,Anica,Samsworth,asamsworth85@wiley.com,Polygender,110.9.194.178
295,Allin,Hovington,ahovington86@ca.gov,Genderfluid,224.42.152.14
296,Geneva,Andrusov,gandrusov87@cloudflare.com,Polygender,29.221.173.244
297,Isak,Stonehouse,istonehouse88@yellowbook.com,Genderfluid,92.50.143.156
298,Malchy,Smithson,msmithson89@ca.gov,Male,217.29.123.146
299,Trixi,Reynoollds,treynoollds8a@omniture.com,Non-binary,165.93.8.52
300,Marcellus,Galbraith,mgalbraith8b@discuz.net,Agender,206.55.235.209
301,Shepard,Tice,stice8c@alibaba.com,Bigender,86.56.59.212
302,Margy,Bazylets,mbazylets8d@flavors.me,Agender,211.71.92.192
303,Linnet,Cardenas,lcardenas8e@nhs.uk,Male,74.114.142.10
304,Denis,Gelderd,dgelderd8f@marriott.com,Polygender,76.121.174.172
305,Magdalene,Chazelas,mchazelas8g@java.com,Bigender,22.85.97.178
306,Bucky,Yurshev,byurshev8h@engadget.com,Agender,147.162.172.157
307,Kaine,Liepina,kliepina8i@mail.ru,Male,96.169.82.3
308,Tiphani,Cessford,tcessford8j@wp.com,Bigender,151.228.13.68
309,Dewey,Zorzi,dzorzi8k@altervista.org,Female,196.75.164.97
310,Kelly,Kewzick,kkewzick8l@house.gov,Non-binary,140.155.91.117
311,Maggi,Ofer,mofer8m@icio.us,Genderfluid,121.181.239.17
312,Freddy,Dettmar,fdettmar8n@wsj.com,Male,92.58.148.79
313,Gregor,Cowherd,gcowherd8o@dropbox.com,Bigender,241.94.253.132
314,Dwayne,Esposito,desposito8p@netscape.com,Genderqueer,23.143.150.224
315,Kara-lynn,Lyddyard,klyddyard8q@pcworld.com,Genderfluid,44.68.177.249
316,Corbin,Scurfield,cscurfield8r@arizona.edu,Bigender,99.221.156.184
317,Sherilyn,Sarfas,ssarfas8s@slate.com,Polygender,20.117.236.186
318,Mortimer,Bath,mbath8t@sina.com.cn,Non-binary,136.147.168.186
319,Morgan,Lively,mlively8u@mysql.com,Female,200.154.25.112
320,Selie,Sandal,ssandal8v@spotify.com,Male,224.101.205.25
321,Jamal,Noddle,jnoddle8w@engadget.com,Genderfluid,199.144.252.128
322,Dugald,Murphy,dmurphy8x@fema.gov,Bigender,94.40.18.120
323,Marja,Lomasna,mlomasna8y@ucla.edu,Female,33.54.8.29
324,Lazaro,Blencowe,lblencowe8z@ning.com,Female,233.124.98.72
325,Nita,Angeau,nangeau90@hud.gov,Female,72.0.87.69
326,Field,Scowcraft,fscowcraft91@apache.org,Agender,139.174.58.235
327,Renee,Millen,rmillen92@cam.ac.uk,Polygender,96.106.7.142
328,Gardiner,Pascow,gpascow93@phpbb.com,Female,2.109.43.2
329,Karia,Casiroli,kcasiroli94@marriott.com,Genderqueer,160.100.13.163
330,Edvard,Tace,etace95@privacy.gov.au,Genderqueer,177.105.248.51
331,Tuckie,Jiruch,tjiruch96@shutterfly.com,Male,44.118.61.185
332,Cosmo,Spelman,cspelman97@wikia.com,Agender,153.173.49.245
333,Calla,Bielby,cbielby98@domainmarket.com,Polygender,152.184.241.73
334,Teddie,Lockley,tlockley99@blog.com,Male,62.14.160.79
335,Craggie,Mahood,cmahood9a@google.fr,Female,189.71.175.47
336,Sheilah,Tunsley,stunsley9b@blogger.com,Male,183.116.78.141
337,Alfie,Abrahamoff,aabrahamoff9c@kickstarter.com,Genderqueer,202.59.203.189
338,Roldan,Piddington,rpiddington9d@wsj.com,Female,231.121.49.50
339,Adella,Sandifer,asandifer9e@tamu.edu,Male,169.4.29.250
340,Odille,Rockhill,orockhill9f@uiuc.edu,Genderfluid,221.7.180.115
341,Chelsie,Chalice,cchalice9g@comcast.net,Male,146.47.170.217
342,Boothe,Doret,bdoret9h@miitbeian.gov.cn,Non-binary,254.40.108.199
343,Sherrie,Lujan,slujan9i@slate.com,Bigender,84.174.31.222
344,Wallis,Geram,wgeram9j@google.ca,Female,162.240.255.14
345,Florinda,Donizeau,fdonizeau9k@istockphoto.com,Polygender,180.251.166.80
346,Nero,Dix,ndix9l@seattletimes.com,Genderqueer,232.95.218.213
347,Andreas,Crauford,acrauford9m@tinypic.com,Agender,27.88.232.17
348,Melisa,Kunisch,mkunisch9n@nature.com,Non-binary,183.230.16.201
349,Karilynn,Lisciandro,klisciandro9o@technorati.com,Genderqueer,104.194.210.73
350,Micheil,Haddick,mhaddick9p@gnu.org,Agender,230.51.177.170
351,Philippe,Ryce,pryce9q@vimeo.com,Female,94.124.80.165
352,Avrit,Garthshore,agarthshore9r@wikipedia.org,Female,143.59.231.5
353,Lotty,Barnsdall,lbarnsdall9s@go.com,Female,242.140.254.37
354,Mathilde,Roskrug,mroskrug9t@archive.org,Bigender,50.155.68.243
355,Hadria,Pentycross,hpentycross9u@boston.com,Bigender,247.209.99.238
356,Deeyn,Astie,dastie9v@senate.gov,Agender,143.145.97.111
357,Kelila,Marrion,kmarrion9w@guardian.co.uk,Genderfluid,216.103.107.116
358,Karine,Radenhurst,kradenhurst9x@taobao.com,Bigender,90.67.12.106
359,Vittorio,Shawyers,vshawyers9y@desdev.cn,Agender,183.161.199.243
360,Freda,Atyeo,fatyeo9z@hud.gov,Agender,102.154.176.81
361,Flossie,Blowes,fblowesa0@creativecommons.org,Female,245.199.92.57
362,Anatollo,Postians,apostiansa1@seattletimes.com,Agender,159.18.208.194
363,Dilan,Aldwich,daldwicha2@woothemes.com,Genderqueer,16.74.216.172
364,Rudolfo,Pennacci,rpennaccia3@google.com.au,Male,232.30.216.34
365,Tiebold,Duddin,tduddina4@spotify.com,Genderfluid,200.236.55.183
366,Corabella,Snoddy,csnoddya5@homestead.com,Bigender,43.165.190.136
367,Francine,Pomery,fpomerya6@cnet.com,Genderqueer,128.129.19.171
368,Wini,Ditch,wditcha7@odnoklassniki.ru,Genderqueer,30.71.70.157
369,Brittne,Rospars,brosparsa8@google.cn,Female,5.84.207.166
370,Marijo,Lobe,mlobea9@businessinsider.com,Female,141.37.54.249
371,Kirk,Chorley,kchorleyaa@cbsnews.com,Agender,129.123.138.61
372,Bette,Halvorsen,bhalvorsenab@alexa.com,Bigender,60.178.77.139
373,Dusty,O'Duane,doduaneac@aboutads.info,Male,7.81.108.60
374,Selle,Bogeys,sbogeysad@youku.com,Male,235.43.75.158
375,Rosabelle,Brigstock,rbrigstockae@noaa.gov,Agender,213.82.164.69
376,Batsheva,Clothier,bclothieraf@cbc.ca,Polygender,126.165.72.197
377,Lorilee,Falco,lfalcoag@google.com.hk,Non-binary,183.225.223.134
378,Lorenzo,How,lhowah@amazon.co.jp,Female,155.208.65.85
379,Isa,Novacek,inovacekai@cbsnews.com,Bigender,207.102.91.166
380,Miles,de Savery,mdesaveryaj@kickstarter.com,Female,35.243.46.126
381,Alis,Carsberg,acarsbergak@army.mil,Bigender,114.20.165.64
382,Dolli,State,dstateal@zimbio.com,Male,78.135.209.28
383,Celestine,Fitzackerley,cfitzackerleyam@weibo.com,Bigender,79.200.7.103
384,Franklin,Comins,fcominsan@nationalgeographic.com,Female,233.51.200.122
385,Arabele,Trees,atreesao@prnewswire.com,Female,90.199.185.12
386,Willabella,Poone,wpooneap@fotki.com,Female,45.37.35.174
387,Stirling,Gaunt,sgauntaq@4shared.com,Female,248.211.91.136
388,Sullivan,Richold,sricholdar@dropbox.com,Female,141.24.38.166
389,Jessamine,Hawkeswood,jhawkeswoodas@cdc.gov,Female,243.46.60.234
390,Shir,Stych,sstychat@nps.gov,Genderfluid,226.135.154.214
391,Ingelbert,Plesing,iplesingau@abc.net.au,Female,119.44.23.247
392,Melvyn,Marchand,mmarchandav@virginia.edu,Bigender,73.7.177.17
393,Dione,Freezer,dfreezeraw@ovh.net,Bigender,57.121.125.189
394,Coreen,Dysert,cdysertax@photobucket.com,Genderfluid,46.190.252.97
395,Alexandrina,Caps,acapsay@ucsd.edu,Bigender,239.16.158.229
396,Nels,Sandilands,nsandilandsaz@ustream.tv,Polygender,20.175.255.157
397,Amandy,Farmer,afarmerb0@exblog.jp,Female,194.2.145.5
398,Julieta,Mordacai,jmordacaib1@slate.com,Genderqueer,59.8.78.231
399,Nester,Weatherill,nweatherillb2@soup.io,Genderfluid,101.9.161.223
400,Alexandre,Drews,adrewsb3@weather.com,Non-binary,169.249.106.78
401,Raynor,Elcum,relcumb4@accuweather.com,Non-binary,111.86.121.207
402,Aube,St. Quintin,astquintinb5@feedburner.com,Agender,112.112.41.8
403,Libbi,Whittlesee,lwhittleseeb6@sciencedaily.com,Male,78.223.44.155
404,Waneta,Glassborow,wglassborowb7@godaddy.com,Female,146.69.18.30
405,Oren,Goodlad,ogoodladb8@reddit.com,Female,142.223.65.36
406,Adamo,Knightsbridge,aknightsbridgeb9@freewebs.com,Bigender,144.166.188.174
407,Katusha,Durant,kdurantba@hibu.com,Non-binary,25.248.210.242
408,Maisey,Gaydon,mgaydonbb@uol.com.br,Male,170.218.128.80
409,Nollie,Franceschielli,nfranceschiellibc@usgs.gov,Genderqueer,77.111.51.83
410,Chen,Rhymer,crhymerbd@go.com,Genderqueer,12.250.210.69
411,Zia,Pawson,zpawsonbe@e-recht24.de,Genderfluid,165.48.107.232
412,Glenine,Clemensen,gclemensenbf@rakuten.co.jp,Female,4.159.178.226
413,Flore,Sellor,fsellorbg@fotki.com,Agender,46.0.146.213
414,Giselle,Eliassen,geliassenbh@tinyurl.com,Female,250.225.240.161
415,Hilary,Leaton,hleatonbi@youtu.be,Bigender,50.199.99.145
416,Marrissa,Boutell,mboutellbj@sbwire.com,Agender,46.44.228.63
417,Chalmers,Rusling,cruslingbk@webs.com,Female,19.241.9.18
418,Vonnie,Michurin,vmichurinbl@sakura.ne.jp,Non-binary,54.245.233.78
419,Augie,Marchelli,amarchellibm@icio.us,Genderfluid,43.34.159.188
420,Willie,Langeren,wlangerenbn@imgur.com,Male,78.129.171.48
421,Juanita,Sadlier,jsadlierbo@mapy.cz,Agender,158.119.122.26
422,Norbert,Nudde,nnuddebp@soundcloud.com,Non-binary,181.115.240.10
423,Ware,Pidgen,wpidgenbq@patch.com,Polygender,54.43.188.204
424,Felicia,Evitts,fevittsbr@aol.com,Agender,99.199.15.141
425,Hedy,Tincombe,htincombebs@pagesperso-orange.fr,Bigender,154.192.92.238
426,Meredithe,Wonter,mwonterbt@edublogs.org,Non-binary,24.138.191.237
427,Erin,Revening,ereveningbu@google.co.jp,Genderfluid,148.44.225.137
428,Clare,McArdle,cmcardlebv@cbslocal.com,Polygender,13.76.82.76
429,Hagen,Vernall,hvernallbw@hc360.com,Female,205.142.110.73
430,Skye,Cudbird,scudbirdbx@pbs.org,Female,190.59.34.56
431,Sukey,Petley,spetleyby@sun.com,Genderfluid,144.105.69.236
432,Hendrick,Nutbrown,hnutbrownbz@webmd.com,Genderfluid,100.188.2.189
433,Donny,Isakson,disaksonc0@i2i.jp,Non-binary,202.23.45.204
434,Storm,Bellon,sbellonc1@bloomberg.com,Bigender,221.70.249.60
435,Sheff,Muncie,smunciec2@irs.gov,Female,34.12.211.65
436,Therine,Whickman,twhickmanc3@blog.com,Female,141.0.159.195
437,Hope,Ogilvie,hogilviec4@yellowpages.com,Genderfluid,50.132.166.63
438,Jerry,Sanday,jsandayc5@symantec.com,Agender,161.122.140.10
439,Tonnie,Mallabon,tmallabonc6@tinyurl.com,Bigender,155.16.4.32
440,Curtice,Burberow,cburberowc7@youku.com,Genderqueer,178.91.144.99
441,Ahmad,Float,afloatc8@nydailynews.com,Polygender,155.240.178.45
442,Anstice,Roylance,aroylancec9@unblog.fr,Female,194.142.160.208
443,Vinny,Ferrer,vferrerca@earthlink.net,Genderfluid,53.219.108.124
444,Siffre,Kimmel,skimmelcb@xing.com,Non-binary,216.166.29.51
445,Roddie,Grinikhin,rgrinikhincc@google.pl,Genderfluid,161.144.151.179
446,Harriott,Chazelle,hchazellecd@springer.com,Male,201.247.1.200
447,Kassandra,Copestick,kcopestickce@goo.gl,Genderqueer,126.74.25.245
448,Steven,Clash,sclashcf@wsj.com,Female,48.216.74.201
449,Mathian,Winsom,mwinsomcg@weather.com,Male,70.66.52.32
450,Dolores,Pembery,dpemberych@samsung.com,Female,162.95.244.75
451,Bernadette,Grindall,bgrindallci@mac.com,Polygender,118.199.220.166
452,Jerrie,Tyson,jtysoncj@tinyurl.com,Bigender,70.104.223.29
453,Alvy,Keepin,akeepinck@amazon.co.jp,Polygender,133.120.44.92
454,Merlina,Twiddy,mtwiddycl@friendfeed.com,Non-binary,7.23.29.176
455,Yvon,Royans,yroyanscm@weather.com,Genderqueer,14.186.125.251
456,Ottilie,Henri,ohenricn@illinois.edu,Female,153.236.79.176
457,Alvy,Bearfoot,abearfootco@elpais.com,Non-binary,72.178.150.94
458,Gisele,Greiswood,ggreiswoodcp@house.gov,Non-binary,189.180.223.172
459,Garrek,Longley,glongleycq@nyu.edu,Male,177.123.80.89
460,Ulrike,Grissett,ugrissettcr@wix.com,Bigender,20.111.119.105
461,Hannah,Pighills,hpighillscs@yellowpages.com,Genderqueer,59.201.47.67
462,Bryn,Petr,bpetrct@purevolume.com,Non-binary,22.89.185.80
463,Gnni,Sampey,gsampeycu@g.co,Male,129.35.137.56
464,Rudd,Krystof,rkrystofcv@ning.com,Female,34.219.6.33
465,Hatty,Tillard,htillardcw@samsung.com,Female,123.204.78.35
466,Reena,Easson,reassoncx@newyorker.com,Polygender,81.136.232.37
467,Kelbee,Koppel,kkoppelcy@addtoany.com,Polygender,246.166.185.134
468,Daisie,Bould,dbouldcz@google.ru,Genderfluid,48.244.128.72
469,Veriee,Scriver,vscriverd0@hhs.gov,Agender,89.63.204.246
470,Sammie,Wittering,switteringd1@washingtonpost.com,Polygender,7.243.194.201
471,Leonard,Grint,lgrintd2@time.com,Female,43.163.80.137
472,Misti,Welfair,mwelfaird3@princeton.edu,Agender,228.250.47.93
473,Tiff,McIlenna,tmcilennad4@unicef.org,Genderqueer,82.221.33.219
474,Jenine,Critcher,jcritcherd5@123-reg.co.uk,Non-binary,123.116.148.91
475,Missy,Pachta,mpachtad6@ifeng.com,Non-binary,116.95.227.228
476,Nico,Calderbank,ncalderbankd7@acquirethisname.com,Bigender,198.246.247.173
477,Baxie,Lewis,blewisd8@moonfruit.com,Male,24.83.214.70
478,Ches,Albertson,calbertsond9@nymag.com,Female,218.39.90.32
479,Mace,Cullimore,mcullimoreda@symantec.com,Male,175.122.10.9
480,Erika,Dumbrell,edumbrelldb@baidu.com,Non-binary,178.108.56.49
481,Zachery,Drable,zdrabledc@arizona.edu,Agender,185.234.204.53
482,Carol-jean,McCuthais,cmccuthaisdd@t-online.de,Genderfluid,26.162.134.246
483,Kahaleel,Philippard,kphilippardde@ning.com,Polygender,220.233.162.106
484,Celie,Folds,cfoldsdf@blogger.com,Genderfluid,202.138.195.96
485,Meade,Kidwell,mkidwelldg@flickr.com,Genderfluid,33.139.85.171
486,Kally,Mushett,kmushettdh@aol.com,Female,252.92.229.81
487,Jaine,Philipart,jphilipartdi@shareasale.com,Male,190.27.163.3
488,Violante,Beastall,vbeastalldj@xrea.com,Male,211.193.179.98
489,Margaretha,MacAne,mmacanedk@redcross.org,Female,179.217.180.52
490,Carling,Cauley,ccauleydl@aol.com,Bigender,231.244.48.181
491,Merrie,McAsgill,mmcasgilldm@hud.gov,Agender,41.243.23.106
492,Clayson,O'Corrane,cocorranedn@spotify.com,Non-binary,15.122.19.103
493,Janeczka,Philippeaux,jphilippeauxdo@technorati.com,Male,102.79.116.148
494,Wash,Swayland,wswaylanddp@msu.edu,Non-binary,211.56.172.192
495,Osbourne,Whittingham,owhittinghamdq@google.de,Bigender,57.45.184.234
496,Jaclin,Buxsey,jbuxseydr@mit.edu,Genderfluid,51.66.213.102
497,Jaquenette,Melliard,jmelliardds@cnbc.com,Female,232.176.182.37
498,Ibbie,Fearnyhough,ifearnyhoughdt@miibeian.gov.cn,Male,61.145.4.122
499,Thatcher,Kabsch,tkabschdu@cpanel.net,Male,226.65.8.163
500,Liane,Sawter,lsawterdv@livejournal.com,Genderfluid,31.113.73.77
501,Lora,Ibbitt,libbittdw@amazonaws.com,Non-binary,116.214.24.181
502,Ray,Sanbrook,rsanbrookdx@imgur.com,Female,167.204.242.210
503,Hector,Siegertsz,hsiegertszdy@g.co,Male,19.111.208.114
504,Janot,Cogley,jcogleydz@booking.com,Bigender,49.68.40.188
505,Samuele,Toxell,stoxelle0@nsw.gov.au,Genderqueer,253.252.244.7
506,Barnebas,Wrack,bwracke1@ovh.net,Genderfluid,131.214.80.72
507,Lucho,Girkins,lgirkinse2@who.int,Female,220.28.92.112
508,Fernanda,Plose,fplosee3@booking.com,Male,239.241.197.251
509,Maitilde,Cline,mclinee4@state.tx.us,Bigender,69.212.30.15
510,Holly,Supple,hsupplee5@redcross.org,Bigender,49.78.215.181
511,Calhoun,Deverose,cdeverosee6@google.co.uk,Polygender,143.41.147.132
512,Marcia,O'Logan,mologane7@ustream.tv,Non-binary,147.7.70.254
513,Art,Farrell,afarrelle8@examiner.com,Genderfluid,47.157.83.23
514,Brand,Hannaway,bhannawaye9@sogou.com,Bigender,150.6.100.141
515,Dannye,Biggam,dbiggamea@eventbrite.com,Non-binary,89.219.81.11
516,Bart,Oughton,boughtoneb@va.gov,Male,115.173.30.68
517,Hastie,Peto,hpetoec@economist.com,Genderfluid,177.183.164.18
518,Lyn,Cass,lcassed@comsenz.com,Non-binary,196.29.211.166
519,Dickie,Jessett,djessettee@guardian.co.uk,Bigender,125.29.4.61
520,Jim,Oblein,jobleinef@bravesites.com,Polygender,63.168.182.98
521,Meade,Armand,marmandeg@uiuc.edu,Male,148.233.82.32
522,Elia,Castellaccio,ecastellaccioeh@amazonaws.com,Non-binary,23.202.48.66
523,Celina,Wickersham,cwickershamei@feedburner.com,Bigender,89.18.49.251
524,Engracia,Tarburn,etarburnej@mtv.com,Bigender,34.124.40.69
525,Darryl,Bertholin,dbertholinek@e-recht24.de,Genderfluid,243.214.19.90
526,Curr,Haggus,chaggusel@umich.edu,Non-binary,13.216.80.121
527,Winslow,Iacovucci,wiacovucciem@arstechnica.com,Genderqueer,81.140.240.85
528,Nil,Korpal,nkorpalen@chicagotribune.com,Polygender,14.233.250.107
529,Frances,Duval,fduvaleo@hibu.com,Male,234.232.152.166
530,Darb,Trathan,dtrathanep@bandcamp.com,Genderqueer,29.221.4.157
531,Hamnet,Chinge de Hals,hchingedehalseq@about.com,Male,173.11.69.97
532,Ericka,Comino,ecominoer@blog.com,Female,50.49.183.94
533,Borg,Ugolotti,bugolotties@php.net,Agender,41.98.195.152
534,Marybeth,Dugue,mdugueet@rediff.com,Genderfluid,56.157.58.26
535,Kendal,Stachini,kstachinieu@trellian.com,Non-binary,74.44.26.189
536,Dag,Mc Ilwrick,dmcilwrickev@europa.eu,Genderfluid,45.184.83.5
537,Arlen,Stubbley,astubbleyew@fotki.com,Non-binary,64.20.83.120
538,Arleyne,Rawsthorn,arawsthornex@samsung.com,Genderfluid,215.157.109.86
539,Jeralee,Sparey,jspareyey@sina.com.cn,Non-binary,177.237.26.15
540,Sheilah,Grigson,sgrigsonez@chron.com,Genderfluid,59.248.114.160
541,Errol,Bangiard,ebangiardf0@businessweek.com,Genderqueer,77.60.93.240
542,Morena,MacKibbon,mmackibbonf1@ifeng.com,Agender,109.201.113.194
543,Zondra,Boreland,zborelandf2@xrea.com,Bigender,210.44.146.80
544,Julia,Arnopp,jarnoppf3@newyorker.com,Female,191.180.91.3
545,Royce,Thewlis,rthewlisf4@tumblr.com,Female,113.47.35.106
546,Sarah,Hugonin,shugoninf5@sun.com,Genderqueer,172.7.9.176
547,Berkly,Benit,bbenitf6@deliciousdays.com,Female,132.0.20.123
548,Alf,Witten,awittenf7@reddit.com,Female,200.175.157.98
549,Cornelius,Dench,cdenchf8@joomla.org,Polygender,31.189.11.216
550,Pen,Bonhomme,pbonhommef9@archive.org,Bigender,54.54.78.15
551,Coop,Bondy,cbondyfa@spotify.com,Genderqueer,248.84.26.77
552,Camella,Giacovelli,cgiacovellifb@smh.com.au,Female,202.131.120.2
553,Innis,Beetham,ibeethamfc@baidu.com,Female,42.116.82.120
554,Keriann,Davidou,kdavidoufd@army.mil,Genderqueer,20.167.158.52
555,Alena,Garrigan,agarriganfe@shareasale.com,Genderqueer,47.166.177.33
556,Augustina,Patron,apatronff@epa.gov,Bigender,118.122.192.233
557,Allegra,Covell,acovellfg@bloglovin.com,Female,255.212.105.241
558,Raynor,Ginley,rginleyfh@psu.edu,Polygender,23.75.171.180
559,Tisha,Ferier,tferierfi@yellowbook.com,Male,88.44.172.82
560,Boony,Shimuk,bshimukfj@mapy.cz,Agender,47.53.36.19
561,Kitti,Treppas,ktreppasfk@cloudflare.com,Female,252.221.87.216
562,Agace,Worman,awormanfl@goodreads.com,Female,112.36.91.71
563,Katlin,Hunting,khuntingfm@hud.gov,Polygender,80.161.30.250
564,Zebadiah,Mishow,zmishowfn@tuttocitta.it,Genderfluid,125.31.196.198
565,Penni,Ather,patherfo@usa.gov,Male,251.92.45.218
566,Maurie,Klampk,mklampkfp@seattletimes.com,Non-binary,96.58.59.186
567,Ranique,Skupinski,rskupinskifq@bloglines.com,Bigender,247.199.215.180
568,Kelley,Delacourt,kdelacourtfr@usatoday.com,Male,222.70.225.137
569,Valenka,Sappson,vsappsonfs@npr.org,Bigender,83.60.108.132
570,Milo,Mottley,mmottleyft@archive.org,Genderqueer,226.225.211.70
571,Torrance,Squelch,tsquelchfu@cam.ac.uk,Female,17.190.150.159
572,Kingsly,Spaight,kspaightfv@quantcast.com,Female,226.202.94.179
573,Clarie,Pemble,cpemblefw@tiny.cc,Female,138.100.116.204
574,Clem,Lukacs,clukacsfx@theguardian.com,Non-binary,0.214.120.14
575,Trstram,McCree,tmccreefy@psu.edu,Bigender,86.217.77.187
576,Kimmie,McMenemy,kmcmenemyfz@canalblog.com,Agender,42.157.58.122
577,Sullivan,Insole,sinsoleg0@pinterest.com,Genderfluid,22.37.173.245
578,Sabina,Kuhle,skuhleg1@sciencedaily.com,Male,223.164.37.28
579,Jamaal,Bucky,jbuckyg2@yandex.ru,Non-binary,74.77.213.156
580,Redford,Shirtcliffe,rshirtcliffeg3@alexa.com,Agender,87.168.119.93
581,Darelle,Hambling,dhamblingg4@washingtonpost.com,Female,29.77.123.112
582,Neville,O' Scallan,noscallang5@posterous.com,Genderfluid,49.216.128.252
583,Bryce,Cratchley,bcratchleyg6@house.gov,Female,126.18.135.70
584,Gregory,Dean,gdeang7@histats.com,Bigender,215.161.137.223
585,Phelia,Saveall,psaveallg8@hexun.com,Bigender,136.145.217.207
586,Genny,Hancell,ghancellg9@storify.com,Non-binary,54.32.90.225
587,Cullin,Norvel,cnorvelga@blogs.com,Genderfluid,174.199.85.43
588,Tracey,Dommett,tdommettgb@columbia.edu,Bigender,193.27.111.98
589,Ibrahim,Benge,ibengegc@squarespace.com,Male,11.110.63.224
590,Ruprecht,Toderbrugge,rtoderbruggegd@chronoengine.com,Male,180.222.69.88
591,Carey,Kincaid,ckincaidge@answers.com,Bigender,74.1.74.123
592,Candie,Rottery,crotterygf@is.gd,Polygender,54.35.232.254
593,Dorree,Gatland,dgatlandgg@aol.com,Genderfluid,189.179.171.51
594,Caressa,Hansemann,chansemanngh@usnews.com,Polygender,75.10.236.143
595,Ysabel,Ponder,ypondergi@mozilla.org,Bigender,239.232.224.221
596,Sibyl,Urian,suriangj@tripod.com,Polygender,137.192.212.195
597,Chaddie,Gouldthorp,cgouldthorpgk@networksolutions.com,Genderqueer,87.243.115.17
598,Amelie,Sheehan,asheehangl@europa.eu,Agender,97.152.72.195
599,Hans,McGillivrie,hmcgillivriegm@mysql.com,Male,82.64.67.132
600,Gerald,Lars,glarsgn@ustream.tv,Bigender,41.86.128.181
601,Uriah,Matyushonok,umatyushonokgo@gravatar.com,Genderfluid,203.113.49.222
602,Huberto,Kliment,hklimentgp@elpais.com,Male,28.198.4.77
603,Alayne,Shemelt,ashemeltgq@cbslocal.com,Bigender,39.191.165.8
604,Marlie,Guidera,mguideragr@discovery.com,Male,189.81.152.77
605,Retha,Tritten,rtrittengs@usgs.gov,Agender,57.109.222.66
606,Joanna,Muriel,jmurielgt@elpais.com,Agender,208.10.232.150
607,Denni,Anmore,danmoregu@people.com.cn,Polygender,86.196.114.177
608,Langsdon,Vezey,lvezeygv@cnet.com,Polygender,127.160.248.198
609,Berta,Shand,bshandgw@prnewswire.com,Genderqueer,174.65.146.156
610,Diann,Castro,dcastrogx@vinaora.com,Genderqueer,61.2.183.29
611,Debera,Barneville,dbarnevillegy@slate.com,Genderqueer,2.230.31.173
612,Lennard,Conway,lconwaygz@kickstarter.com,Female,227.35.212.253
613,Kendrick,Abbiss,kabbissh0@topsy.com,Polygender,240.194.190.130
614,Sylvan,Slocumb,sslocumbh1@addthis.com,Bigender,128.193.76.246
615,Helyn,Verlander,hverlanderh2@discuz.net,Polygender,248.22.236.187
616,Flor,Muncer,fmuncerh3@utexas.edu,Non-binary,167.92.50.28
617,Morgun,Ducker,mduckerh4@ning.com,Non-binary,111.223.89.203
618,Quintilla,Stearns,qstearnsh5@lulu.com,Genderfluid,227.157.94.89
619,Paxton,Duferie,pduferieh6@about.com,Genderqueer,220.186.46.55
620,Ammamaria,Lewry,alewryh7@google.nl,Male,61.109.41.8
621,Wat,Hardwich,whardwichh8@google.es,Agender,31.167.134.218
622,Velma,Rawsthorne,vrawsthorneh9@photobucket.com,Genderfluid,254.30.11.39
623,Revkah,Twigg,rtwiggha@scribd.com,Agender,124.156.204.175
624,Willy,Roo,wroohb@ycombinator.com,Non-binary,148.132.31.160
625,Tadd,Mottershead,tmottersheadhc@taobao.com,Genderfluid,169.58.109.27
626,Ardelle,Dofty,adoftyhd@intel.com,Non-binary,10.233.212.37
627,Amye,Bassick,abassickhe@nationalgeographic.com,Male,103.168.245.12
628,Sonnnie,Persian,spersianhf@feedburner.com,Non-binary,139.16.141.82
629,Abeu,Huff,ahuffhg@goo.gl,Bigender,69.132.6.203
630,Caesar,Sabate,csabatehh@mtv.com,Agender,45.240.51.63
631,Orland,Bootell,obootellhi@flavors.me,Genderqueer,73.214.80.219
632,Hermon,Hunnable,hhunnablehj@furl.net,Male,147.104.41.79
633,Glenn,Owen,gowenhk@archive.org,Agender,223.82.103.26
634,Selie,Loding,slodinghl@mapquest.com,Male,158.165.125.182
635,Cathryn,Caldera,ccalderahm@g.co,Male,11.172.148.44
636,Brynn,Girardi,bgirardihn@alibaba.com,Agender,119.37.235.84
637,Christi,Pearcehouse,cpearcehouseho@hexun.com,Male,114.90.241.145
638,Constanta,Stegel,cstegelhp@independent.co.uk,Polygender,48.249.28.134
639,Edna,Bachellier,ebachellierhq@ezinearticles.com,Bigender,192.103.176.151
640,Tami,Stanyforth,tstanyforthhr@msu.edu,Female,90.38.49.18
641,Gisele,Smardon,gsmardonhs@netlog.com,Bigender,227.81.158.4
642,Franny,Cicconetti,fcicconettiht@sina.com.cn,Bigender,178.146.121.135
643,Ingrim,Derr,iderrhu@unblog.fr,Agender,61.197.191.213
644,Eldridge,Sarge,esargehv@house.gov,Bigender,230.54.6.143
645,Dorian,Olden,doldenhw@google.nl,Male,138.23.150.187
646,Susan,Clutram,sclutramhx@hp.com,Female,204.11.97.137
647,Drona,Baggs,dbaggshy@bbc.co.uk,Bigender,128.164.109.102
648,Vinnie,Uwins,vuwinshz@ted.com,Genderfluid,172.247.206.212
649,Jacobo,Mitchelhill,jmitchelhilli0@berkeley.edu,Bigender,76.184.103.130
650,Baillie,Gulliver,bgulliveri1@lulu.com,Genderfluid,134.155.4.124
651,Fara,Brixham,fbrixhami2@51.la,Genderfluid,235.174.212.33
652,Benedicto,Batrick,bbatricki3@hugedomains.com,Polygender,243.237.210.13
653,Mose,Boughton,mboughtoni4@phpbb.com,Bigender,91.230.55.17
654,Christoper,Greenough,cgreenoughi5@amazon.co.jp,Female,40.200.242.118
655,Karon,Moylan,kmoylani6@w3.org,Female,192.129.9.100
656,Gerrie,Yggo,gyggoi7@fastcompany.com,Non-binary,150.158.203.85
657,Sada,Peinton,speintoni8@blogs.com,Non-binary,90.222.212.161
658,Wyatt,Pavis,wpavisi9@multiply.com,Bigender,215.166.211.232
659,Brendin,Karran,bkarrania@weibo.com,Agender,154.153.251.253
660,Kylie,Currer,kcurrerib@google.pl,Agender,121.113.18.106
661,Clarine,Sawrey,csawreyic@yellowpages.com,Agender,203.128.2.119
662,Bertine,Jouhandeau,bjouhandeauid@ycombinator.com,Agender,199.128.132.172
663,Osgood,Forbes,oforbesie@mayoclinic.com,Non-binary,192.160.130.25
664,Mignonne,Camamill,mcamamillif@globo.com,Genderqueer,166.69.137.28
665,Teena,Fentem,tfentemig@ycombinator.com,Agender,68.53.204.1
666,Vivianna,Harroll,vharrollih@boston.com,Genderqueer,44.244.191.167
667,Aurlie,Broadfield,abroadfieldii@topsy.com,Non-binary,76.9.64.135
668,Marybelle,Brehault,mbrehaultij@wix.com,Bigender,222.34.95.73
669,Clio,Villa,cvillaik@tinyurl.com,Genderqueer,137.94.146.231
670,Sandie,Chastney,schastneyil@google.com.au,Polygender,203.253.23.162
671,Minda,Davsley,mdavsleyim@statcounter.com,Female,118.73.151.34
672,Reginauld,Hannis,rhannisin@skype.com,Female,251.149.193.166
673,Shelly,Beauly,sbeaulyio@istockphoto.com,Female,123.184.89.8
674,Guglielmo,McKernan,gmckernanip@edublogs.org,Genderqueer,104.66.101.206
675,Salvatore,Pepis,spepisiq@businessweek.com,Non-binary,95.110.65.18
676,Prudy,Burren,pburrenir@youku.com,Genderfluid,15.254.229.61
677,Iormina,Merryfield,imerryfieldis@walmart.com,Agender,203.70.180.128
678,Lenard,Edmans,ledmansit@blogspot.com,Agender,201.107.175.124
679,Christian,Shields,cshieldsiu@addtoany.com,Non-binary,6.40.243.112
680,Imelda,Jako,ijakoiv@about.me,Male,187.13.230.178
681,Lammond,Riepl,lriepliw@plala.or.jp,Genderqueer,45.209.125.10
682,Bridie,Wennington,bwenningtonix@github.io,Female,10.102.229.86
683,Willow,Furlonge,wfurlongeiy@live.com,Genderfluid,248.104.52.5
684,Obie,Gavozzi,ogavozziiz@ning.com,Female,230.2.204.23
685,Harv,Gilstin,hgilstinj0@gnu.org,Agender,48.94.36.130
686,Jaye,Gittings,jgittingsj1@state.gov,Polygender,86.30.42.42
687,Elka,Eby,eebyj2@oracle.com,Polygender,153.251.125.186
688,Callie,Billitteri,cbillitterij3@java.com,Male,100.31.164.72
689,Dani,Sibbson,dsibbsonj4@topsy.com,Bigender,54.220.102.34
690,Stephen,Gall,sgallj5@squarespace.com,Male,180.57.80.37
691,Ilise,Densumbe,idensumbej6@patch.com,Non-binary,129.77.66.195
692,Elvyn,Didsbury,edidsburyj7@trellian.com,Agender,60.145.193.180
693,Costanza,Deinhard,cdeinhardj8@cafepress.com,Bigender,214.196.1.23
694,Veda,Marti,vmartij9@eepurl.com,Agender,202.95.41.73
695,Reginald,Wastie,rwastieja@acquirethisname.com,Polygender,197.13.184.239
696,Trudie,Haddington,thaddingtonjb@sbwire.com,Agender,235.128.227.227
697,Gennie,Weaving,gweavingjc@nps.gov,Non-binary,60.164.23.205
698,Angelo,Liff,aliffjd@msu.edu,Male,8.250.96.204
699,Prissie,Durtnell,pdurtnellje@delicious.com,Male,116.35.23.21
700,Rora,Heisham,rheishamjf@prnewswire.com,Agender,246.129.128.249
701,Garreth,Crosser,gcrosserjg@illinois.edu,Genderfluid,118.209.150.10
702,Nonnah,Bannon,nbannonjh@odnoklassniki.ru,Bigender,58.235.123.15
703,Alayne,Philcox,aphilcoxji@github.io,Female,46.42.211.11
704,Jillane,Cathesyed,jcathesyedjj@amazon.com,Genderqueer,229.191.43.250
705,Marin,Egle,meglejk@163.com,Bigender,230.208.156.103
706,Abbe,Slafford,aslaffordjl@umn.edu,Male,29.32.134.19
707,Sallie,Isakovic,sisakovicjm@ocn.ne.jp,Genderfluid,11.172.5.153
708,Burtie,Penhalewick,bpenhalewickjn@bigcartel.com,Polygender,124.87.118.53
709,Rozalin,Duignan,rduignanjo@accuweather.com,Polygender,253.215.139.213
710,Zacharia,Cruickshank,zcruickshankjp@msu.edu,Genderfluid,172.139.235.255
711,Evan,Pablos,epablosjq@redcross.org,Male,200.91.83.66
712,Marshal,Anthon,manthonjr@usatoday.com,Non-binary,46.220.218.77
713,Demetra,Coneron,dconeronjs@usnews.com,Bigender,75.43.38.30
714,Roseann,Devinn,rdevinnjt@acquirethisname.com,Bigender,83.46.180.75
715,Helga,Doley,hdoleyju@yellowbook.com,Agender,103.210.208.127
716,Chrissy,Symcoxe,csymcoxejv@theguardian.com,Polygender,13.172.64.27
717,Anthe,Hatfield,ahatfieldjw@dion.ne.jp,Polygender,177.223.250.171
718,Caleb,Thon,cthonjx@gov.uk,Male,206.23.214.108
719,Tom,Gilardengo,tgilardengojy@digg.com,Agender,155.101.76.224
720,Dael,Staveley,dstaveleyjz@ameblo.jp,Polygender,160.45.194.38
721,Shirlee,Skippings,sskippingsk0@arstechnica.com,Agender,38.132.23.178
722,Glori,Lamberts,glambertsk1@bigcartel.com,Genderqueer,232.194.198.216
723,Lari,Shovlar,lshovlark2@ibm.com,Genderqueer,241.131.31.184
724,Mozes,Konneke,mkonnekek3@liveinternet.ru,Non-binary,233.104.238.214
725,Maison,Christmas,mchristmask4@nifty.com,Bigender,19.249.234.80
726,Boote,Redhills,bredhillsk5@sphinn.com,Genderfluid,143.86.194.147
727,Packston,Lillow,plillowk6@jugem.jp,Bigender,212.59.201.114
728,Kirsti,Flight,kflightk7@apache.org,Female,206.195.19.186
729,Royce,Tregenna,rtregennak8@tamu.edu,Male,197.90.43.87
730,Abramo,Mougenel,amougenelk9@liveinternet.ru,Bigender,42.3.73.165
731,Reg,Crossby,rcrossbyka@baidu.com,Agender,66.100.164.47
732,Marcos,Ashman,mashmankb@4shared.com,Male,60.84.184.214
733,Irving,Rock,irockkc@examiner.com,Genderqueer,254.24.96.44
734,Cordi,Sewall,csewallkd@ebay.co.uk,Bigender,45.99.165.25
735,Ali,Bulcock,abulcockke@nsw.gov.au,Genderfluid,79.63.163.131
736,Esra,Gebbie,egebbiekf@reddit.com,Male,81.118.155.238
737,Augusto,Kunrad,akunradkg@va.gov,Bigender,140.102.149.136
738,Paolo,Cominello,pcominellokh@barnesandnoble.com,Female,180.255.32.128
739,Carolyn,Buzine,cbuzineki@opera.com,Bigender,248.115.254.95
740,Shurwood,Cummins,scumminskj@icq.com,Female,55.245.216.214
741,Cosetta,Sloss,cslosskk@simplemachines.org,Genderqueer,230.75.129.23
742,Farlee,Roscam,froscamkl@weather.com,Genderqueer,29.68.207.174
743,Jackqueline,Ismead,jismeadkm@addthis.com,Bigender,37.213.161.170
744,Pavia,Janowicz,pjanowiczkn@google.ca,Non-binary,52.239.101.237
745,Meredithe,Cluley,mcluleyko@newsvine.com,Male,47.23.239.188
746,William,Nelm,wnelmkp@china.com.cn,Polygender,155.179.136.113
747,Jolene,Proughten,jproughtenkq@discovery.com,Non-binary,99.245.174.13
748,Gabbie,Padberry,gpadberrykr@fda.gov,Male,110.104.191.7
749,Erinna,Sydall,esydallks@ucoz.ru,Agender,180.80.206.123
750,April,Pevie,apeviekt@amazon.co.jp,Genderfluid,32.229.225.138
751,Lothaire,Dysert,ldysertku@w3.org,Bigender,6.111.140.25
752,Dwight,Metzing,dmetzingkv@mozilla.org,Polygender,60.126.213.6
753,Chandra,Lakeland,clakelandkw@nifty.com,Polygender,241.178.181.143
754,Orren,Islep,oislepkx@apache.org,Non-binary,171.30.10.190
755,Elisabet,Durker,edurkerky@cbsnews.com,Bigender,232.28.88.9
756,Shannon,Castree,scastreekz@dedecms.com,Non-binary,117.21.100.95
757,Rog,Loynton,rloyntonl0@slideshare.net,Male,139.183.92.129
758,Clarisse,Glidden,cgliddenl1@samsung.com,Non-binary,230.6.9.252
759,Ervin,Chipp,echippl2@yellowbook.com,Female,177.82.153.132
760,Colette,Antonias,cantoniasl3@seesaa.net,Polygender,165.130.220.114
761,Jeanine,Anlay,janlayl4@cnn.com,Genderqueer,155.242.225.64
762,Cherin,Shaplin,cshaplinl5@squidoo.com,Genderqueer,43.73.45.26
763,Ranna,Dryden,rdrydenl6@feedburner.com,Female,126.28.125.41
764,Shannon,Goodridge,sgoodridgel7@nydailynews.com,Bigender,144.227.84.33
765,Jerrylee,Mosco,jmoscol8@hc360.com,Genderqueer,252.54.83.58
766,Wallas,Briatt,wbriattl9@google.co.uk,Polygender,125.253.156.62
767,Diena,Bessom,dbessomla@pinterest.com,Non-binary,119.68.250.63
768,Ruddie,Reeder,rreederlb@instagram.com,Non-binary,128.225.230.67
769,Efrem,Haggath,ehaggathlc@omniture.com,Agender,3.89.34.242
770,Lea,Barkshire,lbarkshireld@state.tx.us,Genderqueer,58.182.152.220
771,Olvan,Amdohr,oamdohrle@wikipedia.org,Bigender,230.84.90.61
772,Ashley,Oxenham,aoxenhamlf@cornell.edu,Genderqueer,31.245.30.143
773,Jennifer,Kardos-Stowe,jkardosstowelg@google.it,Male,128.212.255.179
774,Jacques,Shillington,jshillingtonlh@nyu.edu,Bigender,102.142.66.220
775,Cassondra,Pauletti,cpaulettili@salon.com,Agender,71.186.216.193
776,Roxana,Steels,rsteelslj@nymag.com,Non-binary,173.160.91.156
777,Doe,Barrable,dbarrablelk@sogou.com,Non-binary,237.223.220.205
778,Xena,Andor,xandorll@myspace.com,Female,129.146.59.41
779,Rudyard,Rickertsen,rrickertsenlm@theguardian.com,Female,241.154.141.71
780,Sigrid,Cockerill,scockerillln@opera.com,Female,238.31.180.161
781,Francesco,Aarons,faaronslo@mozilla.org,Female,14.161.209.223
782,Loretta,Bunney,lbunneylp@wunderground.com,Non-binary,56.232.57.72
783,Edith,Sexcey,esexceylq@pen.io,Genderfluid,161.92.50.155
784,Everard,Antcliff,eantclifflr@zimbio.com,Genderfluid,9.170.31.218
785,Dulcy,Kohnert,dkohnertls@vinaora.com,Non-binary,21.118.254.8
786,Kaleb,Idel,kidellt@tamu.edu,Female,100.93.228.184
787,Domeniga,Lutty,dluttylu@digg.com,Female,68.58.251.229
788,Koren,Kinchley,kkinchleylv@globo.com,Bigender,153.1.235.11
789,Findlay,Spurnier,fspurnierlw@reuters.com,Bigender,35.96.179.41
790,Borg,Moulson,bmoulsonlx@oaic.gov.au,Genderfluid,221.81.131.206
791,Lyn,Altham,lalthamly@delicious.com,Polygender,35.241.68.56
792,Mayer,Dobbins,mdobbinslz@mit.edu,Agender,21.188.22.248
793,Colleen,MacCallion,cmaccallionm0@youtube.com,Bigender,149.115.189.159
794,Mirabella,Ranahan,mranahanm1@usa.gov,Female,131.14.138.251
795,Frasier,Izen,fizenm2@unc.edu,Bigender,120.119.56.216
796,Murial,Jacox,mjacoxm3@admin.ch,Genderqueer,142.33.213.53
797,Neely,MacRirie,nmacririem4@sina.com.cn,Agender,40.245.119.35
798,Pearle,Leader,pleaderm5@gizmodo.com,Male,138.187.30.24
799,Claudie,Wells,cwellsm6@hud.gov,Agender,142.125.167.150
800,Ricoriki,Embra,rembram7@google.com.au,Female,141.196.184.144
801,Annabell,McComas,amccomasm8@fema.gov,Female,236.19.254.57
802,Cecilius,Gillio,cgilliom9@state.gov,Female,82.200.54.31
803,Felisha,Vinter,fvinterma@shutterfly.com,Agender,35.204.205.124
804,Pen,Riglesford,priglesfordmb@odnoklassniki.ru,Genderqueer,209.13.113.82
805,Arch,Broxholme,abroxholmemc@yellowbook.com,Genderqueer,215.37.188.204
806,Riannon,Selley,rselleymd@e-recht24.de,Non-binary,53.103.75.18
807,Dewain,Gullam,dgullamme@house.gov,Bigender,212.47.26.123
808,Ave,Jeandot,ajeandotmf@slate.com,Non-binary,246.10.49.193
809,Claudia,Faithorn,cfaithornmg@xing.com,Female,128.166.36.204
810,Wilek,Chifney,wchifneymh@google.com.br,Bigender,41.46.7.168
811,Hetti,Creigan,hcreiganmi@wikispaces.com,Female,252.239.196.150
812,Joline,Cockson,jcocksonmj@moonfruit.com,Female,63.242.59.104
813,Cassandra,Frosdick,cfrosdickmk@redcross.org,Genderqueer,246.37.242.64
814,Clareta,Hildrew,childrewml@google.pl,Non-binary,165.117.23.163
815,Prentiss,Kobus,pkobusmm@earthlink.net,Genderfluid,213.65.149.127
816,Carlyle,Norville,cnorvillemn@springer.com,Bigender,201.138.158.95
817,Marsiella,Whereat,mwhereatmo@pen.io,Agender,195.177.214.15
818,Den,Cotterel,dcotterelmp@weibo.com,Agender,142.148.221.123
819,Menard,Gullis,mgullismq@dot.gov,Female,200.108.103.147
820,Meredithe,Wilderspoon,mwilderspoonmr@nps.gov,Female,30.126.182.37
821,Leif,Stothart,lstothartms@ask.com,Polygender,53.175.37.185
822,Dorelle,Davidovits,ddavidovitsmt@wired.com,Bigender,159.210.67.125
823,Hillery,Conibeer,hconibeermu@flavors.me,Polygender,75.31.76.142
824,Yovonnda,Merrigans,ymerrigansmv@liveinternet.ru,Polygender,235.148.94.49
825,Ike,MacAlees,imacaleesmw@sina.com.cn,Genderfluid,240.128.137.187
826,Basia,Blethin,bblethinmx@google.fr,Bigender,47.175.72.250
827,Hadleigh,Stranahan,hstranahanmy@rediff.com,Genderfluid,170.237.95.54
828,Tasia,Filisov,tfilisovmz@elpais.com,Genderqueer,28.254.9.81
829,Berkley,Feaviour,bfeaviourn0@imdb.com,Bigender,66.247.186.113
830,Ichabod,Kort,ikortn1@altervista.org,Polygender,44.215.11.31
831,Roanna,Shapero,rshaperon2@psu.edu,Bigender,233.220.196.29
832,Cody,Crawshay,ccrawshayn3@technorati.com,Bigender,104.164.185.60
833,Franky,Gradly,fgradlyn4@wix.com,Male,124.81.133.119
834,Rebekah,McGiff,rmcgiffn5@latimes.com,Bigender,243.107.184.255
835,Olly,Cody,ocodyn6@unicef.org,Agender,129.185.177.120
836,Gaby,Gowthrop,ggowthropn7@skype.com,Female,184.235.234.249
837,Colleen,Strotton,cstrottonn8@indiegogo.com,Genderfluid,78.5.62.111
838,Babita,Tees,bteesn9@mozilla.org,Bigender,113.123.163.69
839,Romola,Halliday,rhallidayna@prlog.org,Bigender,4.72.190.30
840,Rooney,Beardon,rbeardonnb@wsj.com,Genderqueer,61.160.217.100
841,Xerxes,Bardsley,xbardsleync@360.cn,Male,75.45.233.116
842,Tallou,Gooding,tgoodingnd@live.com,Genderqueer,95.5.81.80
843,Rosemaria,Grocutt,rgrocuttne@apache.org,Polygender,231.233.184.170
844,Geoffrey,Furmenger,gfurmengernf@ibm.com,Female,216.118.213.24
845,Evelin,Enriques,eenriquesng@shareasale.com,Male,250.248.47.137
846,Mersey,Emsley,memsleynh@opera.com,Female,41.103.9.251
847,Barret,Ferriday,bferridayni@google.it,Female,155.23.129.202
848,Holmes,Fennell,hfennellnj@fastcompany.com,Polygender,129.129.92.112
849,Annabella,Jirek,ajireknk@fema.gov,Genderfluid,242.54.158.160
850,Yetty,Hacket,yhacketnl@reference.com,Polygender,210.132.32.167
851,Giffard,Bocock,gbococknm@twitter.com,Polygender,112.248.122.52
852,Arel,Pressnell,apressnellnn@t.co,Female,2.82.155.60
853,Gallard,Crace,gcraceno@microsoft.com,Agender,108.118.199.206
854,Bowie,Hallam,bhallamnp@flickr.com,Male,0.215.203.124
855,Vivi,McIlveen,vmcilveennq@washington.edu,Bigender,180.224.180.170
856,Albrecht,Nyssens,anyssensnr@cnet.com,Genderfluid,202.144.203.126
857,Lilllie,Yearnsley,lyearnsleyns@facebook.com,Male,175.201.24.255
858,Westbrook,Canadas,wcanadasnt@columbia.edu,Genderfluid,55.135.111.141
859,Bambi,Baynon,bbaynonnu@wufoo.com,Genderfluid,243.15.192.198
860,Alfreda,Marquess,amarquessnv@cdc.gov,Male,108.208.184.196
861,Maybelle,Squirrell,msquirrellnw@sogou.com,Non-binary,190.144.33.163
862,Eb,Lettsom,elettsomnx@springer.com,Non-binary,138.120.248.202
863,Roxy,Moppett,rmoppettny@php.net,Bigender,169.167.156.119
864,Heidi,Casale,hcasalenz@bandcamp.com,Genderqueer,191.170.195.202
865,Chiquia,Mityukov,cmityukovo0@bizjournals.com,Non-binary,24.76.236.166
866,Mahala,Vido,mvidoo1@techcrunch.com,Genderqueer,199.225.151.39
867,Hermann,Sawkin,hsawkino2@goodreads.com,Male,162.89.91.52
868,Sawyere,Marval,smarvalo3@loc.gov,Genderfluid,159.65.85.205
869,Yehudit,Morecomb,ymorecombo4@dagondesign.com,Genderfluid,42.82.187.117
870,Jillian,Gimblet,jgimbleto5@jugem.jp,Non-binary,184.248.214.65
871,Jules,Delacourt,jdelacourto6@seesaa.net,Genderfluid,124.8.88.2
872,Kaleena,Clemmensen,kclemmenseno7@msu.edu,Bigender,60.248.36.223
873,Gherardo,Sheach,gsheacho8@trellian.com,Female,105.156.54.153
874,Randall,Luckcuck,rluckcucko9@github.io,Polygender,17.3.35.103
875,Melodie,Peploe,mpeploeoa@creativecommons.org,Male,164.127.48.32
876,Rochella,Elleyne,relleyneob@apache.org,Female,240.181.97.233
877,Cathi,Wood,cwoodoc@indiatimes.com,Non-binary,226.142.165.241
878,Tess,Wigsell,twigsellod@dyndns.org,Male,118.63.93.1
879,Wilmer,Domney,wdomneyoe@si.edu,Male,12.66.251.34
880,Alex,Lack,alackof@addthis.com,Bigender,182.106.219.110
881,Roxy,Barme,rbarmeog@de.vu,Genderfluid,124.241.45.83
882,Zandra,Durant,zdurantoh@amazonaws.com,Agender,78.198.205.139
883,Herta,Matej,hmatejoi@webeden.co.uk,Female,180.158.175.124
884,Brigham,Mealand,bmealandoj@mediafire.com,Polygender,69.104.7.99
885,Corrina,Raddenbury,craddenburyok@irs.gov,Agender,86.109.26.10
886,Aleen,Borman,abormanol@hibu.com,Genderfluid,211.66.174.133
887,Analise,MacDonald,amacdonaldom@salon.com,Female,140.105.155.42
888,Zed,Culleton,zculletonon@goo.gl,Polygender,52.209.31.213
889,Reinald,Kilcullen,rkilcullenoo@goo.ne.jp,Agender,216.15.225.185
890,Jedediah,Jonah,jjonahop@marketwatch.com,Bigender,61.254.199.150
891,Benoite,Surgeoner,bsurgeoneroq@reuters.com,Genderfluid,221.93.99.162
892,Audi,Dunton,aduntonor@walmart.com,Bigender,222.158.205.149
893,Noelani,Lindores,nlindoresos@geocities.com,Non-binary,98.182.97.107
894,Francesco,Stuttard,fstuttardot@xrea.com,Non-binary,233.104.157.208
895,Nerta,Shawyers,nshawyersou@nasa.gov,Bigender,109.194.172.216
896,Audrye,Patzelt,apatzeltov@prlog.org,Male,29.103.138.43
897,Yvor,Troop,ytroopow@msn.com,Female,3.101.34.155
898,Sigvard,Lippett,slippettox@goodreads.com,Polygender,115.12.48.253
899,Camila,Margach,cmargachoy@tinypic.com,Genderfluid,7.230.27.117
900,Johnna,Lawn,jlawnoz@sun.com,Male,89.18.134.120
901,Lee,Byrkmyr,lbyrkmyrp0@skype.com,Genderqueer,206.139.98.53
902,Eugenie,Knappe,eknappep1@privacy.gov.au,Genderfluid,254.136.206.9
903,Thaddus,Gaitskill,tgaitskillp2@list-manage.com,Non-binary,172.46.61.218
904,Lisabeth,Loads,lloadsp3@mozilla.com,Bigender,134.171.10.57
905,Vinni,Ceresa,vceresap4@google.de,Genderfluid,52.147.165.147
906,Marijo,Langsdon,mlangsdonp5@bandcamp.com,Genderqueer,28.166.197.167
907,Shayne,Belamy,sbelamyp6@scribd.com,Agender,217.9.27.150
908,Valaree,O' Markey,vomarkeyp7@flavors.me,Male,47.124.19.39
909,Wang,Stranks,wstranksp8@prnewswire.com,Male,225.33.61.238
910,Sergio,Bigg,sbiggp9@mapy.cz,Genderfluid,220.54.74.53
911,Daniele,Gonoude,dgonoudepa@w3.org,Male,233.86.196.175
912,Odelia,Januszewski,ojanuszewskipb@cocolog-nifty.com,Non-binary,152.94.30.42
913,Zarah,Gerckens,zgerckenspc@tinypic.com,Bigender,51.15.134.255
914,Maureene,Elldred,melldredpd@microsoft.com,Non-binary,154.17.168.89
915,Melisse,O'Fielly,mofiellype@msu.edu,Bigender,143.233.33.189
916,Ketty,Tows,ktowspf@ebay.co.uk,Female,129.202.97.167
917,Laurene,De Ambrosi,ldeambrosipg@goo.gl,Genderqueer,211.180.144.53
918,Wayland,Bezarra,wbezarraph@zdnet.com,Female,247.18.67.238
919,Justino,Elmer,jelmerpi@sourceforge.net,Non-binary,255.181.201.12
920,Rafaelia,Selbach,rselbachpj@ucoz.com,Non-binary,150.200.30.237
921,Townsend,Pinkie,tpinkiepk@joomla.org,Non-binary,76.3.187.255
922,Helenka,Setford,hsetfordpl@mapy.cz,Agender,100.161.93.159
923,Dyann,Smerdon,dsmerdonpm@wufoo.com,Non-binary,230.147.125.61
924,Orbadiah,Goad,ogoadpn@webmd.com,Genderfluid,32.27.199.92
925,Fanechka,Dorracott,fdorracottpo@google.com.br,Polygender,127.164.206.241
926,Simeon,Evitt,sevittpp@ifeng.com,Male,131.21.225.251
927,Melvyn,Sturgeon,msturgeonpq@oracle.com,Genderqueer,55.114.11.206
928,Abbot,Stendell,astendellpr@xinhuanet.com,Genderfluid,168.33.123.116
929,Borg,Dewhirst,bdewhirstps@apple.com,Agender,169.7.41.255
930,Hamilton,Harsnep,hharsneppt@netscape.com,Agender,70.78.188.50
931,Lorettalorna,Gaye,lgayepu@reverbnation.com,Genderfluid,9.56.232.110
932,Lois,Morando,lmorandopv@bing.com,Non-binary,222.189.72.218
933,Iolande,Extance,iextancepw@mapquest.com,Polygender,52.98.105.242
934,Brandyn,Watman,bwatmanpx@ft.com,Non-binary,196.4.2.216
935,Arnie,Whines,awhinespy@ning.com,Genderfluid,200.82.230.125
936,Nesta,Hickenbottom,nhickenbottompz@epa.gov,Non-binary,152.60.158.77
937,Gare,Colliard,gcolliardq0@google.com.hk,Polygender,66.93.197.193
938,Zara,Dottrell,zdottrellq1@hostgator.com,Female,47.4.186.198
939,Verena,Disney,vdisneyq2@theguardian.com,Bigender,255.163.34.223
940,Rock,Karlsson,rkarlssonq3@gnu.org,Non-binary,49.181.123.22
941,Vinnie,Norbury,vnorburyq4@is.gd,Genderqueer,106.249.4.98
942,Elyn,Ducker,educkerq5@blogspot.com,Genderfluid,16.250.124.235
943,Berny,Jeroch,bjerochq6@blog.com,Non-binary,9.245.228.13
944,Keary,Gayle,kgayleq7@github.io,Genderfluid,191.200.98.179
945,Torin,Ferry,tferryq8@netscape.com,Genderfluid,76.187.197.50
946,Syman,Bangiard,sbangiardq9@bbb.org,Genderfluid,27.255.97.109
947,Susan,Orrom,sorromqa@berkeley.edu,Polygender,100.137.72.106
948,Natasha,Spreckley,nspreckleyqb@goo.ne.jp,Bigender,30.215.123.8
949,Sol,McVicker,smcvickerqc@disqus.com,Female,220.148.197.62
950,Benjamin,Schwandner,bschwandnerqd@nyu.edu,Bigender,127.104.169.77
951,Valencia,Ebdon,vebdonqe@archive.org,Male,74.30.143.165
952,Hubie,Bremner,hbremnerqf@altervista.org,Genderqueer,1.140.248.13
953,Aimee,Benoist,abenoistqg@technorati.com,Male,91.194.48.182
954,Helen-elizabeth,Loft,hloftqh@over-blog.com,Non-binary,69.9.237.55
955,Tobie,Burcher,tburcherqi@economist.com,Bigender,52.253.96.54
956,Verene,McMeekan,vmcmeekanqj@nbcnews.com,Polygender,140.121.132.7
957,Yule,Castiello,ycastielloqk@about.me,Female,98.73.200.247
958,Silvana,Onele,soneleql@symantec.com,Male,10.63.213.32
959,Micki,Arzu,marzuqm@simplemachines.org,Agender,177.82.99.250
960,Leigh,Bettis,lbettisqn@hp.com,Genderfluid,99.52.146.88
961,Innis,Chasier,ichasierqo@dot.gov,Polygender,136.150.174.115
962,Wally,Chidwick,wchidwickqp@rambler.ru,Genderqueer,254.148.220.162
963,Mireille,Warnock,mwarnockqq@friendfeed.com,Polygender,194.167.231.129
964,Aurelea,Emanueli,aemanueliqr@hud.gov,Male,246.231.74.75
965,Cecilio,Shaddick,cshaddickqs@blogspot.com,Genderfluid,176.117.241.122
966,Edyth,Huertas,ehuertasqt@dion.ne.jp,Male,35.95.150.1
967,Farris,Hugh,fhughqu@mtv.com,Bigender,135.151.23.252
968,Neddie,Hartington,nhartingtonqv@blinklist.com,Male,255.197.225.13
969,Brent,Matysik,bmatysikqw@berkeley.edu,Male,131.206.220.252
970,Elsbeth,Backwell,ebackwellqx@github.com,Male,229.3.45.52
971,Hashim,McKelvey,hmckelveyqy@hibu.com,Bigender,245.134.11.170
972,Con,Musprat,cmuspratqz@soundcloud.com,Agender,24.223.20.52
973,Ahmed,Stang-Gjertsen,astanggjertsenr0@live.com,Non-binary,49.111.252.113
974,Luelle,Hadwin,lhadwinr1@comsenz.com,Bigender,82.153.211.126
975,Sandye,Itzkovici,sitzkovicir2@mozilla.org,Genderqueer,93.233.59.164
976,Weylin,Janning,wjanningr3@drupal.org,Genderqueer,161.187.239.61
977,Ignace,Andras,iandrasr4@mtv.com,Non-binary,241.128.4.234
978,Brietta,Obell,bobellr5@tuttocitta.it,Non-binary,179.182.7.43
979,Bevvy,Strooband,bstroobandr6@xrea.com,Genderfluid,93.67.98.182
980,Paloma,Bonnesen,pbonnesenr7@paginegialle.it,Female,184.114.131.207
981,Ofella,O'Kenny,ookennyr8@w3.org,Genderqueer,26.155.143.173
982,Sonnie,Crilly,scrillyr9@artisteer.com,Polygender,174.157.211.117
983,Stavro,Kohlert,skohlertra@nhs.uk,Male,21.163.163.93
984,Rayshell,Baudino,rbaudinorb@spiegel.de,Polygender,73.193.80.55
985,Annaliese,Nickless,anicklessrc@sfgate.com,Bigender,24.114.46.41
986,Hedi,Babber,hbabberrd@edublogs.org,Bigender,34.88.70.152
987,Welby,Foskew,wfoskewre@addthis.com,Non-binary,149.146.131.71
988,Jeri,Gotobed,jgotobedrf@netlog.com,Genderqueer,238.14.209.19
989,Sissy,Fetherby,sfetherbyrg@phoca.cz,Bigender,155.18.121.32
990,Thaxter,Baudouin,tbaudouinrh@engadget.com,Genderfluid,41.45.122.126
991,Pauly,McGuiness,pmcguinessri@yellowbook.com,Male,9.96.159.225
992,Doralynne,Jestico,djesticorj@nifty.com,Male,54.16.183.209
993,Ellwood,Ivasyushkin,eivasyushkinrk@github.io,Bigender,14.114.173.253
994,Alex,Sausman,asausmanrl@hugedomains.com,Genderfluid,105.164.99.161
995,Boyce,Dohmer,bdohmerrm@theglobeandmail.com,Bigender,19.111.61.208
996,Francklyn,Forri,fforrirn@hhs.gov,Polygender,153.117.100.86
997,Jasmin,Sinclaire,jsinclairero@eventbrite.com,Genderqueer,218.113.44.104
998,Nicolette,Dubble,ndubblerp@ucoz.com,Genderqueer,77.65.194.190
999,Alexa,Whotton,awhottonrq@stanford.edu,Male,53.56.241.243
1000,Nikki,Shoutt,nshouttrr@youtube.com,Female,254.214.255.82
